Trans. Date,Post Date,Description,Amount,Category
09/24/2021,09/26/2021,"CVS/PHARMACY #05828 LOS ANGELES CA",114.71,"Merchandise"
09/24/2021,09/26/2021,"LA CITY PARKING METER LOS ANGELES CA",0.75,"Services"
09/25/2021,09/26/2021,"AMAZON.COM*2C36600W1 AMZN.COM/BILLWA5AVU4WOPLY8",30.40,"Merchandise"
09/25/2021,09/26/2021,"AMZN MKTP US*2C3NT8011 AMZN.COM/BILLWA72W6N0VA9CH",26.66,"Merchandise"
09/26/2021,09/26/2021,"RALPHS #0759 LOS ANGELES CA",7.98,"Supermarkets"
09/26/2021,09/26/2021,"SQ *BURRATA HOUSE, INC LOS ANGELES CA0001152921510602718916",16.42,"Restaurants"
09/26/2021,09/26/2021,"TRADER JOE'S #253 SANTA MONICA CA",10.62,"Supermarkets"
09/28/2021,09/28/2021,"LA GRIGLIATA VAN NUYS CA",11.96,"Restaurants"
09/29/2021,09/29/2021,"AMAZON.COM*2C2EE4MO0 AMZN.COM/BILLWA4FWZVP126CR",35.03,"Merchandise"
09/29/2021,09/29/2021,"AMAZON.COM*2C5EZ5BF1 AMZN.COM/BILLWA60MWV5SZQPB",10.90,"Merchandise"
09/30/2021,09/30/2021,"AMZN MKTP US*2C6G26BY0 AMZN.COM/BILLWAVYCJEAHEBMS",30.29,"Merchandise"
09/30/2021,09/30/2021,"PAYPAL *GITHUB INC 402-935-7733 CA",4.00,"Merchandise"
10/01/2021,10/01/2021,"AMAZON.COM*2C78S4Q80 AMZN.COM/BILLWA72K6OCDS8IP",35.03,"Merchandise"
10/01/2021,10/01/2021,"AMZN MKTP US*2C58N8QN0 AMZN.COM/BILLWA46HG1S0CZRV",20.75,"Merchandise"
10/02/2021,10/02/2021,"2LEVY RBOWL17163205307 PASADENA CA",19.84,"Restaurants"
10/02/2021,10/02/2021,"CKE*WINGS & POT 210 LOS ANGELES CA",19.00,"Restaurants"
10/02/2021,10/02/2021,"SHELL 57444178503 LOS ANGELES CA",43.52,"Gasoline"
10/02/2021,10/02/2021,"SPOTIFY P17448C87D 8777781161 NY",9.99,"Merchandise"
10/02/2021,10/02/2021,"UBER TRIP 866-576-1039 CA",25.96,"Travel/ Entertainment"
10/02/2021,10/03/2021,"AMAZON.COM AMZN.COM/BILLWA1H0E9QOG7HI",-35.03,"Payments and Credits"
10/02/2021,10/03/2021,"AMZN MKTP US AMZN.COM/BILLWA6YXYR6NT14Z",-28.99,"Payments and Credits"
10/02/2021,10/03/2021,"AMZN MKTP US AMZN.COM/BILLWA1EV3H6MZB0Y",-1.30,"Payments and Credits"
10/03/2021,10/03/2021,"EREWHON VENICE VENICE CA",4.24,"Supermarkets"
10/04/2021,10/04/2021,"TST* WURSTKUCHE - VENICE VENICE CA",16.43,"Restaurants"
10/05/2021,10/05/2021,"CHICK-FIL-A #03196 LOS ANGELES CA",9.84,"Restaurants"
10/06/2021,10/06/2021,"PAYPAL *AIRBNB HMNRBJC 402-935-7733 CA",111.79,"Travel/ Entertainment"
10/07/2021,10/07/2021,"AMAZON PRIME*275NE1J50 AMZN.COM/BILLWA49B252D1GKA",7.11,"Merchandise"
10/07/2021,10/07/2021,"HIMS & HERS HEALTH 8003680038 CA",78.00,"Merchandise"
10/07/2021,10/07/2021,"MCDONALD'S F22694 KETTLEMAN CTYCA",5.67,"Restaurants"
10/07/2021,10/07/2021,"SQ *POKE BAR MV MOUNTAIN VIEWCA0002305843014663522140",17.71,"Restaurants"
10/08/2021,10/08/2021,"GELATO CLASSICO ITALIAN MOUNTAIN VIEWCA",6.50,"Restaurants"
10/08/2021,10/08/2021,"HOTEL ABRI SAN FRAN SAN FRANCISCOCA",40.00,"Travel/ Entertainment"
10/08/2021,10/08/2021,"SLICE*ABESPIZZA 8889749928 NY",16.64,"Restaurants"
10/09/2021,10/09/2021,"PAYPAL *THEATHLETIC 402-935-7733 CA",7.99,"Merchandise"
10/09/2021,10/09/2021,"SQ *SLO DONUT COMPANY ATASCADERO CA0002305843014678529220",6.40,"Restaurants"
10/10/2021,10/10/2021,"IN N OUT BURGER 119 LOS ANGELES CA",10.84,"Restaurants"
10/10/2021,10/10/2021,"SQ *YEASTIE BOYS BAGEL LOS ANGELES CA0002305843014681818264",14.24,"Travel/ Entertainment"
10/10/2021,10/10/2021,"TST* TASTE  CRAFT EATERY SAN LUIS OBISCA",23.00,"Restaurants"
10/11/2021,10/11/2021,"AMZN MKTP US*270Y428G1 AMZN.COM/BILLWA4QBL5GQ0F9P",23.64,"Merchandise"
10/11/2021,10/11/2021,"AMZN MKTP US*271EY4Q01 AMZN.COM/BILLWA1Z8A4DNRLJD",3.99,"Merchandise"
10/11/2021,10/11/2021,"TARGET LOS ANGELES CA",13.98,"Supermarkets"
10/13/2021,10/13/2021,"RALPHS #0006 ENCINO CA",9.84,"Supermarkets"
10/14/2021,10/14/2021,"TRADER JOE'S #056 QPS ENCINO CA",19.21,"Supermarkets"
10/15/2021,10/15/2021,"AMZN MKTP US*272RI1W50 AMZN.COM/BILLWA28T3IT553OV",11.71,"Merchandise"
10/15/2021,10/15/2021,"CHURROS CALIENTES WEST LOS ANGECA",11.34,"Restaurants"
10/15/2021,10/15/2021,"EL REY THEA68173103937 LOS ANGELES CA",17.00,"Restaurants"
10/16/2021,10/16/2021,"GOGOBOP LOS ANGELES CA",11.86,"Restaurants"
10/17/2021,10/17/2021,"AMZN MKTP US*276Y642L2 AMZN.COM/BILLWA6WYGH8VCCMY",14.99,"Merchandise"
10/19/2021,10/19/2021,"AMAZON.COM*279HS8RD2 AMZN.COM/BILLWA3JXQRRY2TBX",7.11,"Merchandise"
10/20/2021,10/20/2021,"AMAZON.COM*2Y3934ZH2 AMZN.COM/BILLWA5IV8FJZWCF6",16.99,"Merchandise"
10/20/2021,10/20/2021,"AMZN MKTP US*2Y8NW7MK0 AMZN.COM/BILLWA3L1H3EXN8Z3",21.87,"Merchandise"
10/20/2021,10/20/2021,"HIMS & HERS HEALTH 8003680038 CA",34.00,"Merchandise"
10/20/2021,10/20/2021,"SQ *VAN LEEUWEN ARTISA CULVER CITY CA0001152921510687159887",8.95,"Restaurants"
10/21/2021,10/21/2021,"UCLA RESTAURANTS LOS ANGELES CA",4.25,"Restaurants"
10/22/2021,10/22/2021,"AMZN MKTP US*2Y7YK50J2 AMZN.COM/BILLWA3XX92AJ7NUI",15.99,"Merchandise"
10/22/2021,10/22/2021,"CHICK-FIL-A #03196 LOS ANGELES CA",8.80,"Restaurants"
10/22/2021,10/22/2021,"UBER TRIP 866-576-1039 CA",20.44,"Travel/ Entertainment"
10/23/2021,10/23/2021,"2LEVY RBOWL17163205307 PASADENA CA",16.54,"Restaurants"
10/26/2021,10/26/2021,"AMAZON.COM*2Y0SD02J2 AMZN.COM/BILLWA3UOIHLPOFU0",31.74,"Merchandise"
10/26/2021,10/26/2021,"AMAZON.COM*2Y6SL8SE2 AMZN.COM/BILLWA47WOV4I31D6",4.37,"Merchandise"
10/26/2021,10/26/2021,"POKEMOTTO TARZANA TARZANA CA",17.94,"Restaurants"
10/27/2021,10/27/2021,"USA*UCLA VENDING SERVI LOS ANGELES CAWS077224-1635360249",1.50,"Restaurants"
10/28/2021,10/28/2021,"BENE CHICKEN CAFE VAN NUYS CA",19.70,"Restaurants"
10/28/2021,10/28/2021,"GREENLAND MARKET VAN NUY VAN NUYS CA",4.98,"Supermarkets"
10/28/2021,10/28/2021,"SQ *WANDERLUST CREAMER TARZANA CA0001152921510719121594",8.50,"Supermarkets"
10/29/2021,10/29/2021,"FISH BONE * FISHBONE S 8887072469 CA",18.53,"Restaurants"
10/29/2021,10/29/2021,"PP*HUMBLE BEE BAKERY ENCINO CA",17.50,"Restaurants"
10/30/2021,10/30/2021,"CHICK-FIL-A #03196 LOS ANGELES CA",13.15,"Restaurants"
10/30/2021,10/30/2021,"PAYPAL *GITHUB INC 402-935-7733 CA",4.00,"Merchandise"
10/31/2021,10/31/2021,"BENNYS TACOS SANTA MONIC SANTA MONICA CA",18.97,"Restaurants"
11/02/2021,11/02/2021,"AMAZON.COM*5J0QJ8103 AMZN.COM/BILLWA16QDKYMH079",9.84,"Merchandise"
11/02/2021,11/02/2021,"IN N OUT BURGER 119 LOS ANGELES CA",10.84,"Restaurants"
11/02/2021,11/02/2021,"SPOTIFY P17C636F42 8777781161 NY",9.99,"Merchandise"
11/04/2021,11/04/2021,"AMZN MKTP US*3N1FV06B3 AMZN.COM/BILLWA1SIKAYH5Y4O",15.99,"Merchandise"
11/04/2021,11/04/2021,"CVS/PHARMACY #05828 LOS ANGELES CA",114.81,"Merchandise"
11/05/2021,11/05/2021,"FLAKE VENICE CA",15.00,"Restaurants"
11/05/2021,11/05/2021,"SEA SALT POKE LOS ANGELES CA",18.67,"Restaurants"
11/06/2021,11/06/2021,"CAVA MEZZE GRILL WESTWOO LOS ANGELES CA",15.23,"Restaurants"
11/06/2021,11/06/2021,"PRIMOS DONUTS LLC LOS ANGELES CA",7.25,"Merchandise"
11/07/2021,11/07/2021,"AMAZON PRIME*BT6HS0JF3 AMZN.COM/BILLWA67XKZ8M5OF3",7.11,"Merchandise"
11/07/2021,11/07/2021,"PAYPAL *XSOLLA HSREPLAY 402-935-7733 CA",4.99,"Merchandise"
11/09/2021,11/09/2021,"PAYPAL *THEATHLETIC 402-935-7733 CA",7.99,"Merchandise"
11/10/2021,11/10/2021,"DISCOUNT CENTER 1 WOODLAND HILLCA",43.00,"Merchandise"
11/10/2021,11/10/2021,"RITE AID 05433 LOS ANGELES CA",20.89,"Merchandise"
11/10/2021,11/10/2021,"TRADER JOE'S #234 QPS LOS ANGELES CA",40.21,"Supermarkets"
11/12/2021,11/12/2021,"AMZN MKTP US*HA89977O3 AMZN.COM/BILLWA1QB3672LTYT",12.03,"Merchandise"
11/12/2021,11/12/2021,"SP * DROP.COM 4153402999 CA",131.40,"Merchandise"
11/12/2021,11/12/2021,"SP * GLORIOUS PC GAMIN 9037764787 TX",244.96,"Merchandise"
11/13/2021,11/13/2021,"CHICK-FIL-A #03196 LOS ANGELES CA",13.76,"Restaurants"
11/13/2021,11/13/2021,"USA*UCLA VENDING SERVI LOS ANGELES CAWS076932-1636840726",2.25,"Restaurants"
11/14/2021,11/14/2021,"IN N OUT BURGER 119 LOS ANGELES CA",9.96,"Restaurants"
11/15/2021,11/15/2021,"FISHBOWL POKE CO NORTHRIDGE CA",20.04,"Restaurants"
11/15/2021,11/15/2021,"SHARKY'S MEXICAN GRILL # TARZANA CA",12.35,"Restaurants"
11/16/2021,11/16/2021,"LA CITY PARKING METER LOS ANGELES CA",0.75,"Services"
11/16/2021,11/16/2021,"THE CARVING BOARD- TARZA TARZANA CA",17.00,"Restaurants"
11/17/2021,11/17/2021,"UCLA RESTAURANTS LOS ANGELES CA",7.80,"Restaurants"
11/18/2021,11/18/2021,"CHEVRON 0093100 LOS ANGELES CA00093100 0052643",40.60,"Gasoline"
11/18/2021,11/18/2021,"MARUGAME UDON LOS ANGELE LOS ANGELES CA",16.26,"Restaurants"
11/19/2021,11/19/2021,"AMAZON.COM*1Q02W4573 AMZN.COM/BILLWA14PK8HEIB7S",13.25,"Merchandise"
11/19/2021,11/19/2021,"FU'S PALACE LOS ANGELES CA",28.00,"Restaurants"
11/19/2021,11/19/2021,"LYFT *SCOOTER RIDE 855-865-9553 CA",4.08,"Travel/ Entertainment"
11/19/2021,11/19/2021,"MCDONALD'S F34994 TARZANA CA",11.60,"Restaurants"
11/19/2021,11/19/2021,"SQ *VICTORY CAFFE LOS ANGELES CA0002305843014858387155",28.26,"Restaurants"
11/20/2021,11/20/2021,"DIRECTPAY FULL BALANCESEE DETAILS OF YOUR NEXT DIRECTPAY BELOW",-1077.39,"Payments and Credits"
11/20/2021,11/20/2021,"PRIMOS DONUTS LLC LOS ANGELES CA",14.49,"Merchandise"
11/21/2021,11/21/2021,"CHURROS CALIENTES WEST LOS ANGECA",11.34,"Restaurants"
11/21/2021,11/21/2021,"UNION 76 LOS ANGELES CA",2.79,"Gasoline"
11/23/2021,11/23/2021,"AMAZON.COM*PF9V167X3 AMZN.COM/BILLWA6JDV586IC1J",12.58,"Merchandise"
11/23/2021,11/23/2021,"AMZN MKTP US*FW1ZT74W3 AMZN.COM/BILLWA6YUVBUCHXD9",9.84,"Merchandise"
11/23/2021,11/23/2021,"SP * DROP.COM 4153402999 CA",48.80,"Merchandise"
11/23/2021,11/23/2021,"SQ *POKE TIKI TARZANA CA0001152921510810319070",24.81,"Restaurants"
11/23/2021,11/23/2021,"STEAM PURCHASE 425-952-2985 WA",29.99,"Travel/ Entertainment"
11/24/2021,11/24/2021,"AMAZON.COM*YR17I5363 AMZN.COM/BILLWA6GRX33QUA3U",14.20,"Merchandise"
11/24/2021,11/24/2021,"AMZN MKTP US*4F5KK2EK3 AMZN.COM/BILLWA6WBR2QV7RGR",8.73,"Merchandise"
11/24/2021,11/26/2021,"TRADER JOE'S #056 QPS ENCINO CA",46.30,"Supermarkets"
11/27/2021,11/27/2021,"MCDONALD'S F34994 TARZANA CA",10.93,"Restaurants"
11/28/2021,11/28/2021,"AMAZON.COM*3K4TW5BG3 AMZN.COM/BILLWA3VVPK62E5R7",47.25,"Merchandise"
11/28/2021,11/28/2021,"DISCOUNT CENTER 1 WOODLAND HILLCA",30.70,"Merchandise"
11/28/2021,11/28/2021,"SQ *JOHNNY PACIFIC LOS ANGELES CA0002305843014894997669",18.07,"Restaurants"
11/29/2021,11/29/2021,"IN N OUT BURGER 119 LOS ANGELES CA",14.13,"Restaurants"
11/30/2021,11/30/2021,"AMAZON.COM*6L8SO2LU3 AMZN.COM/BILLWA18NPUZN0O1L",23.48,"Merchandise"
11/30/2021,11/30/2021,"BT NSOTO RESTA 312-257-2300 NY",328.50,"Restaurants"
11/30/2021,11/30/2021,"PAYPAL *GITHUB INC 402-935-7733 CA",4.00,"Merchandise"
12/02/2021,12/02/2021,"SPOTIFY P1848FD10F 8777781161 NY",9.99,"Merchandise"
12/02/2021,12/02/2021,"SQ *HANGRY MOON'S LOS ANGELES CA0001152921510838234719",14.22,"Restaurants"
12/03/2021,12/03/2021,"SQ *CONCESSIONS@JACCC LOS ANGELES CA0001152921510842739844",36.98,"Restaurants"
12/03/2021,12/03/2021,"STEAM PURCHASE 425-952-2985 WA",9.99,"Travel/ Entertainment"
12/04/2021,12/04/2021,"SQ *TACOS 1986 WESTWOO LOS ANGELES CA0001152921510846021192",12.59,"Restaurants"
12/04/2021,12/04/2021,"TRADER JOE'S #234 QPS LOS ANGELES CA",38.81,"Supermarkets"
12/05/2021,12/05/2021,"EREWHON SANTA MONICA SANTA MONICA CA",23.65,"Supermarkets"
12/06/2021,12/06/2021,"POKE ME LOS ANGELES CA",16.35,"Restaurants"
12/08/2021,12/08/2021,"AMAZON PRIME*508423YV3 AMZN.COM/BILLWA6AOQJVVD5WK",7.11,"Merchandise"
12/09/2021,12/09/2021,"ALASKA AIRLINES 2064333200 WA",68.40,"Travel/ Entertainment"
12/09/2021,12/09/2021,"PAYPAL *THEATHLETIC 402-935-7733 CA",7.99,"Merchandise"
12/09/2021,12/09/2021,"SQ *POKE TIKI TARZANA CA0001152921510863213898",17.57,"Restaurants"
12/09/2021,12/09/2021,"TRADER JOE'S #056 QPS ENCINO CA",55.72,"Supermarkets"
12/10/2021,12/10/2021,"TIGRE WEST LOS ANGECA",53.00,"Restaurants"
12/12/2021,12/12/2021,"HIMALAYA RESTAURANT - VE VENTURA CA",28.00,"Restaurants"
12/12/2021,12/12/2021,"SQ *WANDERLUST CREAMER LOS ANGELES CA0002305843014953974229",10.00,"Supermarkets"
12/13/2021,12/13/2021,"FANDANGO 866-857-5191 CA",33.58,"Travel/ Entertainment"
12/14/2021,12/14/2021,"IN N OUT BURGER 119 LOS ANGELES CA",12.81,"Restaurants"
12/18/2021,12/18/2021,"AMAZON.COM*I86XG10B3 AMZN.COM/BILLWAKL6AWF9Z32K",12.03,"Merchandise"
12/18/2021,12/18/2021,"AMAZON.COM*O26LG2YI3 AMZN.COM/BILLWA2U5M7WC5LJE",43.77,"Merchandise"
12/19/2021,12/19/2021,"HIMS & HERS HEALTH 8003680038 CA",34.00,"Merchandise"
12/20/2021,12/20/2021,"DIRECTPAY FULL BALANCESEE DETAILS OF YOUR NEXT DIRECTPAY BELOW",-1294.61,"Payments and Credits"
12/21/2021,12/22/2021,"UCLA TICKETS LA,CA 310-825-2101 CA91631392NX76RNHF",-83.00,"Payments and Credits"
12/21/2021,12/22/2021,"UCLA TICKETS LA,CA 310-825-2101 CA916836621X74FN9G",-3.00,"Payments and Credits"
12/23/2021,12/23/2021,"LYFT *RIDE WED 8AM 855-865-9553 CA",29.24,"Travel/ Entertainment"
12/23/2021,12/26/2021,"PAYPAL *NINTENDO 402-935-7733 CA",1.99,"Merchandise"
12/25/2021,12/26/2021,"LYFT *RIDE FRI 4PM 855-865-9553 CA",21.99,"Travel/ Entertainment"
12/26/2021,12/26/2021,"ARCO#83062CAMDEN GAS AND SUNNYVALE CA",30.92,"Gasoline"
12/26/2021,12/26/2021,"TAQUERIA LOS PERICOS SANTA CRUZ CA",34.41,"Restaurants"
12/29/2021,12/29/2021,"TST* LAKE TAHOE ALEWORX SOUTH LAKE TACA",71.61,"Restaurants"
12/30/2021,12/30/2021,"PAYPAL *GITHUB INC 402-935-7733 CA",4.00,"Merchandise"
01/01/2022,01/01/2022,"KIRKWOOD F&B 3 KIRKWOOD CA",10.20,"Restaurants"
01/02/2022,01/02/2022,"A TASTE OF EUROPE SOUTH LAKE TACA",57.00,"Restaurants"
01/02/2022,01/02/2022,"SPOTIFY P18D62233E 8777781161 NY",9.99,"Merchandise"
01/05/2022,01/05/2022,"HIMS & HERS HEALTH 8003680038 CA",78.00,"Merchandise"
01/07/2022,01/07/2022,"AMAZON PRIME*O24FY9N83 AMZN.COM/BILLWA6J5DD377P9B",7.11,"Merchandise"
01/13/2022,01/13/2022,"ACASA TRUCK 8189262975 CA",22.13,"Supermarkets"
01/16/2022,01/16/2022,"ARCO #42105 AMPM TARZANA CA",39.86,"Gasoline"
01/16/2022,01/16/2022,"THE STAND PASADENA 818-788-2707 CA",36.83,"Restaurants"
01/18/2022,01/18/2022,"POKEMOTTO TARZANA TARZANA CA",20.45,"Restaurants"
01/19/2022,01/19/2022,"ANARBAGH LOS ANGELES CA",40.00,"Restaurants"
01/19/2022,01/19/2022,"STEAM PURCHASE 425-952-2985 WA",19.99,"Travel/ Entertainment"
01/19/2022,01/19/2022,"TRADER JOE'S #056 QPS ENCINO CA",3.99,"Supermarkets"
01/19/2022,01/19/2022,"TRADER JOE'S #056 QPS ENCINO CA",80.57,"Supermarkets"
01/20/2022,01/20/2022,"DIRECTPAY FULL BALANCESEE DETAILS OF YOUR NEXT DIRECTPAY BELOW",-1013.16,"Payments and Credits"
01/20/2022,01/20/2022,"SQ *HOLDAAK NORTHRIDGE LOS ANGELES CA0002305843015097356212",22.42,"Restaurants"
01/22/2022,01/22/2022,"LA CITY PARKING METER LOS ANGELES CA",0.75,"Services"
01/22/2022,01/22/2022,"THE CARVING BOARD- TARZA TARZANA CA",19.44,"Restaurants"
01/24/2022,01/24/2022,"TIFA CHOCOLATE & GELATO AGOURA HILLS CA",8.14,"Restaurants"
01/27/2022,01/27/2022,"TRADER JOE'S #056 QPS ENCINO CA",100.70,"Supermarkets"
01/29/2022,01/29/2022,"GELSON'S MARKETS #5 TARZANA CA",103.62,"Supermarkets"
01/30/2022,01/30/2022,"OUTLAW BARBERSHOP AND SA TARZANA CA",50.00,"Services"
01/30/2022,01/30/2022,"PAYPAL *GITHUB INC 402-935-7733 CA",4.00,"Merchandise"
02/02/2022,02/02/2022,"SPOTIFY P1999FFB42 8777781161 NY",9.99,"Merchandise"
02/04/2022,02/04/2022,"MCDONALD'S F34994 TARZANA CA",16.06,"Restaurants"
02/05/2022,02/05/2022,"STREET LEVEL CAFE LOS ANGELES CA",20.46,"Supermarkets"
02/05/2022,02/05/2022,"TRADER JOE'S #056 QPS ENCINO CA",100.46,"Supermarkets"
02/07/2022,02/07/2022,"AMAZON PRIME*R60OC12M3 AMZN.COM/BILLWA52L5X4P19OJ",7.11,"Merchandise"
02/07/2022,02/07/2022,"THE CARVING BOARD- TARZA TARZANA CA",18.00,"Restaurants"
02/08/2022,02/08/2022,"TM *GOOD MORNING 800-653-8000 CALA1/58-39372",74.50,"Travel/ Entertainment"
02/10/2022,02/10/2022,"TRADER JOE'S #056 QPS ENCINO CA",81.29,"Supermarkets"
02/11/2022,02/11/2022,"AMAZON.COM*PJ2NL6DG3 AMZN.COM/BILLWAT7AY5H98XMD",12.58,"Merchandise"
02/12/2022,02/12/2022,"LA CITY PARKING METER LOS ANGELES CA",1.50,"Services"
02/12/2022,02/12/2022,"RALPHS #0759 LOS ANGELES CA",13.24,"Supermarkets"
02/14/2022,02/14/2022,"STEAM PURCHASE 425-952-2985 WA",33.63,"Travel/ Entertainment"
02/19/2022,02/19/2022,"ACASA TRUCK 818-926-2975 CA",22.13,"Supermarkets"
02/20/2022,02/20/2022,"DIRECTPAY FULL BALANCESEE DETAILS OF YOUR NEXT DIRECTPAY BELOW",-641.79,"Payments and Credits"
02/20/2022,02/20/2022,"KAI RAMEN SHERMAN OAKS CA",26.00,"Restaurants"
02/20/2022,02/20/2022,"WHOLEFDS SHM#10671 SHERMAN OAKS CA",48.74,"Supermarkets"
02/21/2022,02/21/2022,"PARADIS SHERMAN OAKS SHERMAN OAKS CA",9.20,"Restaurants"
02/23/2022,02/23/2022,"TRADER JOE'S #056 QPS ENCINO CA",48.47,"Supermarkets"
02/25/2022,02/26/2022,"DAYGLOW OFFICIAL 3109639819 CA",40.06,"Merchandise"
02/25/2022,02/26/2022,"PHOEBE BRIDGERS 3109639819 CA",31.26,"Merchandise"
02/26/2022,02/26/2022,"PAYPAL *TONEVENDOR 1346 402-935-7733 CA",20.20,"Merchandise"
02/26/2022,02/26/2022,"THE CARVING BOARD- TARZA TARZANA CA",21.00,"Restaurants"
02/26/2022,02/26/2022,"UBER TRIP HELP.UBER.CO SAN FRANCISCOCA",5.87,"Travel/ Entertainment"
02/26/2022,02/26/2022,"UBER TRIP HELP.UBER.CO SAN FRANCISCOCA",39.18,"Travel/ Entertainment"
02/27/2022,02/27/2022,"THE LOCAL PEASANT SHERMAN OAKS CA",83.00,"Restaurants"
02/27/2022,02/27/2022,"TRADER JOE'S #056 QPS ENCINO CA",52.35,"Supermarkets"
02/28/2022,02/28/2022,"PAYPAL *GITHUB INC 402-935-7733 CA",4.00,"Merchandise"
02/28/2022,02/28/2022,"POKEMOTTO TARZANA TARZANA CA",17.94,"Restaurants"
02/28/2022,02/28/2022,"USA*UCLA VENDING SERVI LOS ANGELES CAWS077226-1646078675",2.25,"Restaurants"
03/01/2022,03/01/2022,"PAYPAL *NOAHBUSBY 402-935-7733 CA",82.29,"Services"
03/02/2022,03/02/2022,"ARCO #42105 AMPM TARZANA CA",31.16,"Gasoline"
03/02/2022,03/02/2022,"POKEMOTTO TARZANA TARZANA CA",20.45,"Restaurants"
03/02/2022,03/02/2022,"SPOTIFY P1A1BA4F03 8777781161 NY",9.99,"Merchandise"
03/03/2022,03/03/2022,"HIDEKO, INC LOS ANGELES CA",540.00,"Medical Services"
03/05/2022,03/05/2022,"SQ *FAT SAL'S DELI ENCINO CA0001152921511139696504",25.51,"Restaurants"
03/06/2022,03/06/2022,"A SMALL RECORD STORE ENCINO CA",30.66,"Merchandise"
03/06/2022,03/06/2022,"SQ *YEASTIE BOYS BAGEL LOS ANGELES CA0002305843015280725810",20.34,"Travel/ Entertainment"
03/07/2022,03/07/2022,"AMAZON PRIME*1W8AC4AX2 AMZN.COM/BILLWA3LS0Y91OOX6",7.11,"Merchandise"
03/07/2022,03/07/2022,"STEAM PURCHASE 425-952-2985 WA",59.99,"Travel/ Entertainment"
03/08/2022,03/08/2022,"AMAZON.COM*1W4RW1XF2 AMZN.COM/BILLWA6UOB90Q6MOQ",10.83,"Merchandise"
03/08/2022,03/08/2022,"POKEMOTTO TARZANA 818-600-8068 CA",20.23,"Restaurants"
03/08/2022,03/08/2022,"TRADER JOE'S #056 QPS ENCINO CA",58.69,"Supermarkets"
03/09/2022,03/09/2022,"ACASA TRUCK 818-926-2975 CA",13.46,"Supermarkets"
03/09/2022,03/09/2022,"TARGET.COM * 800-591-3869 MN",26.27,"Merchandise"
03/09/2022,03/09/2022,"TARGET.COM * 800-591-3869 MN",27.36,"Merchandise"
03/12/2022,03/12/2022,"HOMEFIELD 3179021011 IN",108.74,"Merchandise"
03/13/2022,03/13/2022,"BENE CHICKEN CAFE SAN FRANCISCOCA",19.70,"Services"
03/15/2022,03/15/2022,"SHARKY'S MEXICAN GRILL # TARZANA CA",23.85,"Restaurants"
03/16/2022,03/16/2022,"LA GRIGLIATA VAN NUYS CA",24.24,"Restaurants"
03/17/2022,03/17/2022,"TRADER JOE'S #056 QPS ENCINO CA",63.06,"Supermarkets"
03/18/2022,03/18/2022,"TST* GASOLINA CAFE WOODLAND HILLCA",48.62,"Restaurants"
03/19/2022,03/19/2022,"HIMS & HERS HEALTH 8003680038 CA",117.00,"Merchandise"
03/20/2022,03/20/2022,"CALI CREAM SAN DIEGO CA",7.73,"Restaurants"
03/20/2022,03/20/2022,"DIRECTPAY FULL BALANCESEE DETAILS OF YOUR NEXT DIRECTPAY BELOW",-801.68,"Payments and Credits"
03/20/2022,03/20/2022,"LYFT *1 RIDE 03-19 855-865-9553 CA",50.37,"Travel/ Entertainment"
03/21/2022,03/21/2022,"ACE PARKING 0107 SAN DIEGO CA",18.00,"Services"
03/21/2022,03/21/2022,"ACE PKG LOT 1430 PS SAN DIEGO CA",8.00,"Services"
03/21/2022,03/21/2022,"PAYPAL *NINTENDO 888-221-1161 CA",4.99,"Merchandise"
03/21/2022,03/21/2022,"TOWER 180 SAN DIEGO CA",24.00,"Services"
03/22/2022,03/22/2022,"SHELL10008241001 SAN DIEGO CA",3.88,"Gasoline"
03/22/2022,03/22/2022,"SWEETGREEN WESTWOOD LOS ANGELES CA02265R",20.48,"Restaurants"
03/22/2022,03/22/2022,"WEST GATE HOTEL SAN DIEGO CA",56.36,"Travel/ Entertainment"
03/24/2022,03/24/2022,"YELP-GRUBHUBBBQTERIYA 877-585-1085 NY",12.87,"Restaurants"
03/25/2022,03/25/2022,"YELP-GRUBHUBBARBIEQ 877-585-1085 NY",86.66,"Restaurants"
03/25/2022,03/26/2022,"HELLOMERCH.COM 6024322903 AZ",58.75,"Merchandise"
03/26/2022,03/26/2022,"LYFT *1 RIDE 03-24 855-865-9553 CA",49.85,"Travel/ Entertainment"
03/28/2022,03/28/2022,"AMAZON.COM*165O05CW2 AMZN.COM/BILLWA6MVXPDQ0GEB",25.27,"Merchandise"
03/28/2022,03/28/2022,"AMZN MKTP US*167CJ2CO2 AMZN.COM/BILLWA4XDTWG1EW7W",25.49,"Merchandise"
03/28/2022,03/28/2022,"LYFT *2 RIDES 03-27 855-865-9553 CA",54.80,"Travel/ Entertainment"
03/29/2022,03/29/2022,"NAYAX VENDING 1 HUNT VALLEY MD",3.99,"Restaurants"
03/30/2022,03/30/2022,"PAYPAL *GITHUB INC 402-935-7733 CA",4.00,"Merchandise"
03/30/2022,03/30/2022,"POKEMOTTO TARZANA TARZANA CA",35.89,"Restaurants"
03/30/2022,03/30/2022,"UNITED AIRLINES 18004214655 TX",182.20,"Travel/ Entertainment"
04/01/2022,04/01/2022,"CHICK-FIL-A #03196 LOS ANGELES CA",12.93,"Restaurants"
04/01/2022,04/01/2022,"LYFT *1 RIDE 03-31 855-865-9553 CA",25.13,"Travel/ Entertainment"
04/02/2022,04/02/2022,"FIVE POINTS LIQUOR VENTURA CA",16.87,"Supermarkets"
04/02/2022,04/02/2022,"SPOTIFY P1AAD40B0F 8777781161 NY",9.99,"Merchandise"
04/02/2022,04/02/2022,"SUN SUSHI SANTA BARBARACA",40.00,"Restaurants"
04/03/2022,04/03/2022,"CHEVRON 0093100 LOS ANGELES CA00093100 0087440 I",2.99,"Gasoline"
04/03/2022,04/03/2022,"HIBACHI PAPI LOS ANGELES CA",25.55,"Restaurants"
04/04/2022,04/04/2022,"AMAZON.COM*1H4W21J30 AMZN.COM/BILLWA5SM8PP0J5CH",70.33,"Merchandise"
04/05/2022,04/05/2022,"HARVARD BUS EDUCATION 617-783-7600 MA3389843",49.90,"Merchandise"
04/05/2022,04/05/2022,"HIMS & HERS HEALTH 8003680038 CA",78.00,"Merchandise"
04/05/2022,04/05/2022,"NAYAX VENDING 1 HUNT VALLEY MD",3.99,"Restaurants"
04/05/2022,04/05/2022,"TST* DAIKOKUYA - SAWTELL LOS ANGELES CA",46.64,"Restaurants"
04/06/2022,04/06/2022,"ACASA TRUCK 8189262975 CA",22.04,"Supermarkets"
04/06/2022,04/06/2022,"POKEMOTTO TARZANA TARZANA CA",15.42,"Restaurants"
04/07/2022,04/07/2022,"AMAZON PRIME*1H61F5E22 AMZN.COM/BILLWA75WQD7HQBHI",8.20,"Merchandise"
04/07/2022,04/07/2022,"AMAZON.COM*1H2UM6T42 AMZN.COM/BILLWA1J36W5KO2TS",23.87,"Merchandise"
04/07/2022,04/07/2022,"AMZN MKTP US*1H35H48C0 AMZN.COM/BILLWA703NIOQNUCF",72.24,"Merchandise"
04/07/2022,04/07/2022,"LA CITY PARKING METER LOS ANGELES CA",1.50,"Services"
04/07/2022,04/07/2022,"THE CARVING BOARD- TARZA TARZANA CA",21.00,"Restaurants"
04/08/2022,04/08/2022,"2BON APPETIT SAN FRANCISCOCA",19.00,"Restaurants"
04/08/2022,04/08/2022,"LYFT *1 RIDE 04-07 855-865-9553 CA",37.99,"Travel/ Entertainment"
04/09/2022,04/09/2022,"LYFT *1 RIDE 04-08 855-865-9553 CA",3.79,"Travel/ Entertainment"
04/10/2022,04/10/2022,"LYFT *2 RIDES 04-09 855-865-9553 CA",13.00,"Travel/ Entertainment"
04/10/2022,04/10/2022,"MSC CNCRS GOLDN GATE PAR SAN FRANCISCOCA",18.75,"Services"
04/10/2022,04/10/2022,"TRADER JOE'S #019 QPS SANFRANCISCO CA",45.33,"Supermarkets"
04/11/2022,04/11/2022,"BCF DONATION UPLIFT BROOKLYNCOMMUNY",0.58,"Services"
04/11/2022,04/11/2022,"ETSY.COM - LANRESTUDIO 844-659-3879 NYETSY.COM - LANRESTUDIO",39.42,"Merchandise"
04/12/2022,04/12/2022,"NAPA FARMS MARKET T2 SAN FRANCISCOCA",11.34,"Restaurants"
04/12/2022,04/12/2022,"UCLA RESTAURANTS LOS ANGELES CA",5.45,"Restaurants"
04/13/2022,04/13/2022,"LYFT *1 RIDE 04-11 855-865-9553 CA",36.93,"Travel/ Entertainment"
04/15/2022,04/15/2022,"AF*ONTRACK ASSET MANA. 866-648-1536 CA",35.00,"Services"
04/15/2022,04/15/2022,"AMAZON.COM*1O5NB2EC1 AMZN.COM/BILLWA2DW2LVOMWNA",29.55,"Merchandise"
04/16/2022,04/16/2022,"LYFT *1 RIDE 04-15 855-865-9553 CA",28.99,"Travel/ Entertainment"
04/16/2022,04/16/2022,"UCLA VENDING SERVICES LOS ANGELES CA",1.50,"Restaurants"
04/17/2022,04/17/2022,"CASHBACK BONUS REDEMPTION PYMT/STMT CRDT",-115.79,"Awards and Rebate Credits"
04/17/2022,04/17/2022,"INTERNET PAYMENT - THANK YOU",-1884.21,"Payments and Credits"
04/20/2022,04/20/2022,"FGTOUTSIDELANDSTIX 512-389-0315 TX",902.85,"Travel/ Entertainment"
04/21/2022,04/21/2022,"ACASA TRUCK 818-926-2975 CA",22.04,"Supermarkets"
04/22/2022,04/22/2022,"BENE CHICKEN CAFE SAN FRANCISCOCA",19.70,"Services"
04/24/2022,04/24/2022,"KITCHEN UNITED MIX 6263893500 CA",7.08,"Supermarkets"
04/24/2022,04/24/2022,"LYFT *1 RIDE 04-22 855-865-9553 CA",18.99,"Travel/ Entertainment"
04/25/2022,04/26/2022,"KITCHEN UNITED MIX 6263893500 CA",1.70,"Supermarkets"
04/25/2022,04/26/2022,"KITCHEN UNITED MIX 6263893500 CA",2.00,"Supermarkets"
04/25/2022,04/26/2022,"KITCHEN UNITED MIX 6263893500 CA",12.94,"Supermarkets"
04/25/2022,04/26/2022,"SP ALO-YOGA 3232487531 CA",109.50,"Merchandise"
04/25/2022,04/26/2022,"STEAM PURCHASE 425-952-2985 WA",35.99,"Travel/ Entertainment"
04/26/2022,04/26/2022,"CHEVRON 0091965 LOS ANGELES CA00091965 6528096 I",8.67,"Gasoline"
04/29/2022,04/29/2022,"CHICK-FIL-A #03196 LOS ANGELES CA",13.72,"Restaurants"
04/29/2022,04/29/2022,"INTERNET PAYMENT - THANK YOU",-2454.91,"Payments and Credits"
04/29/2022,04/29/2022,"UCLA VENDING SERVICES LOS ANGELES CA",2.25,"Restaurants"
04/30/2022,04/30/2022,"PAYPAL *GITHUB INC 402-935-7733 CA",4.00,"Merchandise"
05/01/2022,05/01/2022,"MANCHEGO SANTA MONICA CA",161.00,"Restaurants"
05/01/2022,05/01/2022,"WHOLEFDS TRZ 10282 TARZANA CA",36.31,"Supermarkets"
05/02/2022,05/02/2022,"SPOTIFY P1B3C379E1 8777781161 NY",9.99,"Merchandise"
05/03/2022,05/03/2022,"LYFT *1 RIDE 05-02 855-865-9553 CA",4.82,"Travel/ Entertainment"
05/03/2022,05/03/2022,"STEAM PURCHASE 425-952-2985 WA",2.99,"Travel/ Entertainment"
05/04/2022,05/04/2022,"AMZN MKTP US*1Q1PP3IV2 AMZN.COM/BILLWAHPUTTCHC6MC",15.00,"Merchandise"
05/06/2022,05/06/2022,"ACASA TRUCK 818-926-2975 CA",20.26,"Supermarkets"
05/06/2022,05/06/2022,"LYFT *1 RIDE 05-05 855-865-9553 CA",25.25,"Travel/ Entertainment"
05/06/2022,05/06/2022,"POKEMOTTO TARZANA TARZANA CA",19.83,"Restaurants"
05/07/2022,05/07/2022,"AMAZON PRIME*1303H3T62 AMZN.COM/BILLWA3F6PV3WLNO9",8.20,"Merchandise"
05/07/2022,05/07/2022,"GOODMORNING 6502396947 NY",55.00,"Merchandise"
05/07/2022,05/07/2022,"LEMONADE - GRAND AVE LOS ANGELES CA",44.31,"Restaurants"
05/07/2022,05/07/2022,"LS THE LAST BOOKSTORE 8669321801 CA",17.50,"Merchandise"
05/08/2022,05/08/2022,"IN N OUT BURGER 119 LOS ANGELES CA",12.43,"Restaurants"
05/09/2022,05/09/2022,"RALPHS #0759 LOS ANGELES CA",47.23,"Supermarkets"
05/10/2022,05/10/2022,"AMZN MKTP US*1319S8832 AMZN.COM/BILLWA332RTZP2B9D",7.61,"Merchandise"
05/10/2022,05/10/2022,"AMZN MKTP US*1331R1BO2 AMZN.COM/BILLWA6URR87SE1YX",9.81,"Merchandise"
05/10/2022,05/10/2022,"AMZN MKTP US*1L1D97QP1 AMZN.COM/BILLWA6WJTNFXI8VC",10.99,"Merchandise"
05/10/2022,05/10/2022,"UCLA RESTAURANTS LOS ANGELES CA",9.50,"Restaurants"
05/13/2022,05/13/2022,"POKE ME LOS ANGELES CA",19.06,"Restaurants"
05/13/2022,05/13/2022,"UCLA VENDING SERVICES LOS ANGELES CA",1.50,"Restaurants"
05/15/2022,05/15/2022,"TST* TACOS 1986 WESTWO LOS ANGELES CA00075259007076787258AA",17.21,"Restaurants"
05/17/2022,05/17/2022,"TST* TATSU RAMEN - SAW LOS ANGELES CA00009279007086606642AA",20.44,"Restaurants"
05/17/2022,05/17/2022,"UCLA RESTAURANTS LOS ANGELES CA",9.95,"Restaurants"
05/17/2022,05/17/2022,"UCLA VENDING SERVICES LOS ANGELES CA",2.25,"Restaurants"
05/17/2022,05/17/2022,"UCLA VENDING SERVICES LOS ANGELES CA",2.25,"Restaurants"
05/19/2022,05/19/2022,"URBAN OUTFITTERS #60 LOS ANGELES CA",97.44,"Merchandise"
05/20/2022,05/20/2022,"THE CARVING BOARD- TARZA TARZANA CA",20.00,"Restaurants"
05/21/2022,05/21/2022,"ENCORE EVENT CENTER SAN DIEGO CA",26.40,"Travel/ Entertainment"
05/23/2022,05/23/2022,"LYFT *2 RIDES 05-21 855-865-9553 CA",34.92,"Travel/ Entertainment"
05/24/2022,05/24/2022,"LYFT *1 RIDE 05-23 855-865-9553 CA",2.96,"Travel/ Entertainment"
05/25/2022,05/26/2022,"HUNTSMAN 801-5845800 UT",103.00,"Services"
05/25/2022,05/26/2022,"POKEMOTTO TARZANA TARZANA CA",22.35,"Restaurants"
05/27/2022,05/27/2022,"LYFT *1 RIDE 05-26 855-865-9553 CA",22.08,"Travel/ Entertainment"
05/27/2022,05/27/2022,"SQ *TUSCAN SON LOS ANGELES CA0002305843015714067728",26.77,"Restaurants"
05/28/2022,05/28/2022,"TST* WURSTKCHE - VENIC VENICE CA00043909007225509369AA",29.88,"Restaurants"
05/29/2022,05/29/2022,"TRADER JOE'S #056 QPS ENCINO CA",86.70,"Supermarkets"
05/29/2022,05/29/2022,"VONS #2066 TARZANA CA",18.06,"Supermarkets"
05/30/2022,05/30/2022,"PAYPAL *GITHUB INC 402-935-7733 CA",4.00,"Merchandise"
05/31/2022,05/31/2022,"AMAZON.COM*1X9DF3EK2 AMZN.COM/BILLWA7D4S62GKS5L",25.37,"Merchandise"
06/01/2022,06/01/2022,"SQ *RESTAURANT SELF-SE SAN FRANCISCOCA0001152921511458750885",7.42,"Supermarkets"
06/02/2022,06/02/2022,"SPOTIFY P1BCA93185 8777781161 NY",9.99,"Merchandise"
06/03/2022,06/03/2022,"EJCHONG.COM 5125504844 TX",52.99,"Merchandise"
06/03/2022,06/03/2022,"POKE ME LOS ANGELES CA",23.04,"Restaurants"
06/03/2022,06/03/2022,"SQ *KREATION ORGANIC K LOS ANGELES CA0002305843015755682773",28.67,"Restaurants"
06/04/2022,06/04/2022,"BENNYS TACOS SANTA MONIC SANTA MONICA CA",16.49,"Restaurants"
06/05/2022,06/05/2022,"247SPORTS 888-508-3055 CA",75.18,"Merchandise"
06/07/2022,06/07/2022,"AMAZON PRIME*KM9520OX3 AMZN.COM/BILLWA2SQYEPW5OWG",8.20,"Merchandise"
06/07/2022,06/07/2022,"SWEETGREEN WESTWOOD LOS ANGELES CA00753R",14.18,"Restaurants"
06/08/2022,06/08/2022,"LA CITY PARKING METER LOS ANGELES CA",0.25,"Services"
06/08/2022,06/08/2022,"THE CARVING BOARD- TARZA TARZANA CA",21.00,"Restaurants"
06/09/2022,06/09/2022,"AIRBNB HMWJFKW5TC 855-424-7262 CA",659.52,"Travel/ Entertainment"
06/09/2022,06/09/2022,"AMZN MKTP US*5P1691YO3 AMZN.COM/BILLWA3ZNKLNR02U8",29.21,"Merchandise"
06/09/2022,06/09/2022,"MCDONALD'S F34994 TARZANA CA",10.71,"Restaurants"
06/11/2022,06/11/2022,"CHEVRON 0093100 LOS ANGELES CA00093100 0068296 I",13.07,"Gasoline"
06/11/2022,06/11/2022,"LA CITY PARKING METER LOS ANGELES CA",1.00,"Services"
06/11/2022,06/11/2022,"RALPHS #0656 SAN LUIS OBISCA",15.54,"Supermarkets"
06/11/2022,06/11/2022,"SQ *CHITCHAT COFFEE LOS ANGELES CA0001152921511499052602",19.25,"Restaurants"
06/12/2022,06/12/2022,"COALESCE BOOKSTORE MORRO BAY CA",36.70,"Merchandise"
06/12/2022,06/12/2022,"SQ *THE ROCK ESPRESSO MORRO BAY CA0001152921511502880744",14.11,"Restaurants"
06/14/2022,06/14/2022,"SQ *CAFFE WOOYOO SANTA MONICA CA0001152921511508454074",13.17,"Restaurants"
06/15/2022,06/15/2022,"UNITED AIRLINES 18004214655 TX",128.60,"Travel/ Entertainment"
06/16/2022,06/16/2022,"LYFT *2 RIDES 06-15 855-865-9553 CA",32.00,"Travel/ Entertainment"
06/16/2022,06/16/2022,"SQ *UBATUBA ACAI TARZA TARZANA CA0001152921511517602007",6.75,"Restaurants"
06/16/2022,06/16/2022,"TRADER JOE'S #056 QPS ENCINO CA",59.17,"Supermarkets"
06/16/2022,06/16/2022,"TST* PSY STREET KITCHEN SHERMAN OAKS CA",18.56,"Restaurants"
06/17/2022,06/17/2022,"OUTLAW BARBERSHOP AND SA TARZANA CA",45.00,"Services"
06/17/2022,06/17/2022,"THE CARVING BOARD- TARZA TARZANA CA",20.50,"Restaurants"
06/19/2022,06/19/2022,"IN N OUT BURGER 265 SIGNAL HILL CA",14.33,"Restaurants"
06/19/2022,06/19/2022,"PAYPAL *NINTENDO 402-935-7733 CA",4.99,"Merchandise"
06/20/2022,06/20/2022,"DIRECTPAY FULL BALANCESEE DETAILS OF YOUR NEXT DIRECTPAY BELOW",-792.38,"Payments and Credits"
06/20/2022,06/20/2022,"PAYPAL *COOL SHIRTZ 402-935-7733 CA",49.22,"Merchandise"
06/20/2022,06/20/2022,"SQ *POKE TIKI TARZANA CA0001152921511534871414",25.53,"Restaurants"
06/22/2022,06/22/2022,"ARCO #42444 VAN NUYS CA",31.08,"Gasoline"
06/22/2022,06/22/2022,"THE DOLLY LLAMA SHERMAN SHERMAN OAKS CA",13.59,"Restaurants"
06/23/2022,06/26/2022,"BURBANK AIRPORT FOOD & B BURBANK CA",18.63,"Restaurants"
06/23/2022,06/26/2022,"TRADER JOE'S #019 QPS SANFRANCISCO CA",53.92,"Supermarkets"
06/24/2022,06/26/2022,"LYFT *4 RIDES 06-23 855-865-9553 CA",90.51,"Travel/ Entertainment"
06/25/2022,06/26/2022,"LULULEMON GRANT AVE SAN FRANCISCOCA02557R",102.11,"Merchandise"
06/25/2022,06/26/2022,"RJ MARKET SAN FRANCISCOCA",8.68,"Supermarkets"
06/25/2022,06/26/2022,"TACOREA SAN FRANCISCOCA",16.00,"Restaurants"
06/25/2022,06/26/2022,"TEMPUR PEDIC DIR RESP IN LEXINGTON KY",305.67,"Merchandise"
06/26/2022,06/26/2022,"LYFT *1 RIDE 06-25 855-865-9553 CA",10.30,"Travel/ Entertainment"
06/27/2022,06/27/2022,"LYFT *1 RIDE 06-26 855-865-9553 CA",6.39,"Travel/ Entertainment"
06/27/2022,06/27/2022,"SQ *ACME BREAD COMPANY SAN FRANCISCOCA0001152921511564270055",13.19,"Merchandise"
06/27/2022,06/27/2022,"SQ *EL PORTENO EMPANAD SAN FRANCISCOCA0002305843015880906370",17.84,"Restaurants"
06/27/2022,06/27/2022,"SQ *HUMPHRY SLOCOMBE I SAN FRANCISCOCA0002305843015881011871",8.99,"Restaurants"
06/27/2022,06/27/2022,"SQ *STONEHOUSE OIL & V SAN FRANCISCOCA0001152921511564256618",26.85,"Merchandise"
06/28/2022,06/28/2022,"STEAM PURCHASE 425-952-2985 WA",25.91,"Travel/ Entertainment"
06/28/2022,06/28/2022,"TRADER JOE'S #019 QPS SANFRANCISCO CA",59.72,"Supermarkets"
06/29/2022,06/29/2022,"ALIMENTO SAN FRANCISCOCA",10.55,"Supermarkets"
06/29/2022,06/29/2022,"AMAZON.COM*H99YG42S3 AMZN.COM/BILLWA3N9J797GWIT",6.45,"Merchandise"
06/29/2022,06/29/2022,"CITY LIGHTS BOOKS, INC SAN FRANCISCOCA",71.83,"Merchandise"
06/29/2022,06/29/2022,"LYFT *3 RIDES 06-28 855-865-9553 CA",22.85,"Travel/ Entertainment"
06/29/2022,06/29/2022,"SQ *ITALIAN HOMEMADE C SAN FRANCISCOCA0002305843015891107885",16.53,"Restaurants"
06/30/2022,06/30/2022,"AMZN MKTP US*6M5ST94O3 AMZN.COM/BILLWA1YU805SJDAJ",8.68,"Merchandise"
06/30/2022,06/30/2022,"PAYPAL *GITHUB INC 402-935-7733 CA",4.00,"Merchandise"
07/02/2022,07/02/2022,"LYFT *1 RIDE 07-01 855-865-9553 CA",1.52,"Travel/ Entertainment"
07/02/2022,07/02/2022,"SPOTIFY P1C550F9E9 8777781161 NY",9.99,"Merchandise"
07/02/2022,07/02/2022,"SQ *ALMANAC BEER CO. SAN FRANCISCOCA0001152921511585285644",13.62,"Restaurants"
07/02/2022,07/02/2022,"SQ *FERRY BUILDING SAN FRANCISCOCA0001152921511585186208",14.00,"Supermarkets"
07/02/2022,07/02/2022,"SQ *FERRY PLAZA FARMER SAN FRANCISCOCA0001152921511585225571",33.12,"Supermarkets"
07/02/2022,07/02/2022,"SQ *FERRY PLAZA FARMER SAN MATEO CA0001152921511585174525",6.90,"Merchandise"
07/02/2022,07/02/2022,"SQ *HINODEYA RAMEN DOW GOSQ.COM CA0002305843015902742121",31.00,"Restaurants"
07/02/2022,07/02/2022,"SQ *PROYECTO DIAZ COFF SAN LEANDRO CA0002305843015906716239",4.50,"Supermarkets"
07/02/2022,07/02/2022,"SQ *VOLCANO KIMCHI SAN FRANCISCOCA0001152921511585167136",14.00,"Supermarkets"
07/02/2022,07/02/2022,"SQ *WISE SONS JEWISH D SAN FRANCISCOCA0001152921511584999178",17.49,"Restaurants"
07/03/2022,07/03/2022,"LYFT *2 RIDES 07-02 855-865-9553 CA",1.96,"Travel/ Entertainment"
07/03/2022,07/03/2022,"SAFEWAY #4601 SAN FRANCISCOCA",10.49,"Supermarkets"
07/03/2022,07/03/2022,"SQ *ACME BREAD COMPANY SAN FRANCISCOCA0001152921511590405556",13.19,"Merchandise"
07/03/2022,07/03/2022,"SQ *THE EPICUREAN TRAD SAN FRANCISCOCA0001152921511590367819",17.98,"Supermarkets"
07/04/2022,07/04/2022,"LYFT *2 RIDES 07-03 855-865-9553 CA",1.74,"Travel/ Entertainment"
07/04/2022,07/04/2022,"SAFEWAY #1206 SAN FRANCISCOCA",14.98,"Supermarkets"
07/04/2022,07/04/2022,"TST* PARADA 22 SAN FRANCISCOCA00035229007672940578AA",24.44,"Restaurants"
07/05/2022,07/05/2022,"LYFT *3 RIDES 07-04 855-865-9553 CA",16.27,"Travel/ Entertainment"
07/06/2022,07/06/2022,"LYFT *2 RIDES 07-05 855-865-9553 CA",4.34,"Travel/ Entertainment"
07/06/2022,07/06/2022,"TRADER JOE'S #019 QPS SANFRANCISCO CA",57.92,"Supermarkets"
07/06/2022,07/06/2022,"UNITED AIRLINES 18004214655 TX",151.10,"Travel/ Entertainment"
07/07/2022,07/07/2022,"AMAZON PRIME*ST14K6NL3 AMZN.COM/BILLWA5C9ZZ6R3FF1",8.20,"Merchandise"
07/07/2022,07/07/2022,"HIMS & HERS HEALTH 8003680038 CA",117.00,"Merchandise"
07/07/2022,07/07/2022,"LYFT *2 RIDES 07-06 855-865-9553 CA",3.04,"Travel/ Entertainment"
07/08/2022,07/08/2022,"HUCKLEBERRY BICYCLES SAN FRANCISCOCA",97.75,"Merchandise"
07/08/2022,07/08/2022,"LYFT *2 RIDES 07-07 855-865-9553 CA",4.12,"Travel/ Entertainment"
07/08/2022,07/08/2022,"TRADER JOE'S #078 QPS SANFRANCISCO CA",45.18,"Supermarkets"
07/09/2022,07/09/2022,"LYFT *2 RIDES 07-08 855-865-9553 CA",21.97,"Travel/ Entertainment"
07/09/2022,07/09/2022,"SQ *ACME BREAD COMPANY SAN FRANCISCOCA0001152921511625921755",13.19,"Merchandise"
07/09/2022,07/09/2022,"SQ *FERRY BUILDING SAN FRANCISCOCA0001152921511625972399",14.00,"Supermarkets"
07/09/2022,07/09/2022,"SQ *NUSA LLC - FERRY P SAN FRANCISCOCA0002305843015932349242",16.00,"Merchandise"
07/09/2022,07/09/2022,"SQ *THE EPICUREAN TRAD SAN FRANCISCOCA0002305843015932556435",5.47,"Supermarkets"
07/09/2022,07/09/2022,"TST* EL PORTENO - FERR SAN FRANCISCOCA00008012007724942725AA",19.46,"Restaurants"
07/10/2022,07/10/2022,"KEYMELOCKSMITHS.COM 8883800394 NJ",8.67,"Merchandise"
07/10/2022,07/10/2022,"LYFT *2 RIDES 07-09 855-865-9553 CA",2.18,"Travel/ Entertainment"
07/11/2022,07/11/2022,"LYFT *2 RIDES 07-10 855-865-9553 CA",14.10,"Travel/ Entertainment"
07/12/2022,07/12/2022,"LYFT *1 RIDE 07-11 855-865-9553 CA",2.60,"Travel/ Entertainment"
07/13/2022,07/13/2022,"AMAZON.COM*AP0237N73 AMZN.COM/BILLWA52I93IK7CSO",184.64,"Merchandise"
07/13/2022,07/13/2022,"LYFT *3 RIDES 07-12 855-865-9553 CA",4.77,"Travel/ Entertainment"
07/14/2022,07/14/2022,"LYFT *1 RIDE 07-13 855-865-9553 CA",2.39,"Travel/ Entertainment"
07/14/2022,07/14/2022,"TST* TAHOE TAVERN & GR STATELINE NV00003548007776099547AA",80.00,"Restaurants"
07/16/2022,07/16/2022,"EMPANASH SOUTH LAKE TACA",18.13,"Restaurants"
07/16/2022,07/16/2022,"SONNEYS BBQ SHACK SOUTH LAKE TACA",43.00,"Restaurants"
07/17/2022,07/17/2022,"RNO TIMBER RIDGE 2601139 RENO NV",6.81,"Restaurants"
07/17/2022,07/17/2022,"SAFEWAY #4601 SAN FRANCISCOCA",101.84,"Supermarkets"
07/18/2022,07/18/2022,"LYFT *3 RIDES 07-17 855-865-9553 CA",35.64,"Travel/ Entertainment"
07/19/2022,07/19/2022,"LYFT *2 RIDES 07-18 855-865-9553 CA",3.47,"Travel/ Entertainment"
07/20/2022,07/20/2022,"DIRECTPAY FULL BALANCESEE DETAILS OF YOUR NEXT DIRECTPAY BELOW",-1857.22,"Payments and Credits"
07/20/2022,07/20/2022,"LYFT *2 RIDES 07-19 855-865-9553 CA",4.99,"Travel/ Entertainment"
07/20/2022,07/20/2022,"TRADER JOE'S #019 QPS SANFRANCISCO CA",49.36,"Supermarkets"
07/21/2022,07/21/2022,"LYFT *3 RIDES 07-20 855-865-9553 CA",5.65,"Travel/ Entertainment"
07/22/2022,07/22/2022,"CASHBACK BONUS REDEMPTION PYMT/STMT CRDT",-51.07,"Awards and Rebate Credits"
07/22/2022,07/22/2022,"HELP.HBOMAX.COM 8559426669 NY",14.99,"Merchandise"
07/22/2022,07/22/2022,"INTERNET PAYMENT - THANK YOU",-2193.69,"Payments and Credits"
07/22/2022,07/22/2022,"LYFT *2 RIDES 07-21 855-865-9553 CA",3.26,"Travel/ Entertainment"
07/23/2022,07/23/2022,"LYFT *2 RIDES 07-22 855-865-9553 CA",4.77,"Travel/ Entertainment"
07/23/2022,07/23/2022,"SQ *FERRY BUILDING SAN FRANCISCOCA0001152921511680331181",15.00,"Supermarkets"
07/23/2022,07/23/2022,"SQ *SCIABICA FAMILY OL SAN FRANCISCOCA0002305843016009768862",22.00,"Supermarkets"
07/23/2022,07/23/2022,"SQ *STONEHOUSE OIL & V SAN FRANCISCOCA0001152921511680655834",14.00,"Merchandise"
07/23/2022,07/23/2022,"SQ *VOLCANO KIMCHI SAN FRANCISCOCA0001152921511680317838",7.00,"Supermarkets"
07/23/2022,07/23/2022,"TST* GOTTS ROADSIDE - SAN FRANCISCOCA00024731007898552436AA",4.49,"Restaurants"
07/23/2022,07/23/2022,"TST* OKANE SAN FRANCISCOCA",243.00,"Restaurants"
07/24/2022,07/24/2022,"LYFT *1 RIDE 07-23 855-865-9553 CA",0.87,"Travel/ Entertainment"
07/24/2022,07/24/2022,"SQ *HOT SAUCE AND PANK SAN FRANCISCOCA0001152921511685319524",16.35,"Restaurants"
07/24/2022,07/24/2022,"THE NATURE STOP SAN FRANCISCOCA",40.20,"Supermarkets"
07/25/2022,07/26/2022,"LYFT *1 RIDE 07-24 855-865-9553 CA",6.08,"Travel/ Entertainment"
07/25/2022,07/26/2022,"SQ *ACME BREAD COMPANY SAN FRANCISCOCA0002305843016020337076",15.46,"Merchandise"
07/26/2022,07/26/2022,"LYFT *1 RIDE 07-25 855-865-9553 CA",1.95,"Travel/ Entertainment"
07/27/2022,07/27/2022,"LYFT *1 RIDE 07-26 855-865-9553 CA",2.39,"Travel/ Entertainment"
07/27/2022,07/27/2022,"MIFEN101 MOUNTAIN VIEWCA",50.17,"Restaurants"
07/28/2022,07/28/2022,"LYFT *2 RIDES 07-27 855-865-9553 CA",17.95,"Travel/ Entertainment"
07/30/2022,07/30/2022,"PAYPAL *GITHUB INC 402-935-7733 CA",4.00,"Merchandise"
07/30/2022,07/30/2022,"SQ *DONIGA MARKEGARD SANTA CLARA CA0001152921511710207431",42.75,"Services"
07/30/2022,07/30/2022,"SQ *EUROPA CREPES/TONY SANTA CLARA CA0001152921511709843748",29.06,"Travel/ Entertainment"
07/30/2022,07/30/2022,"SQ *H&H FRESH FISH SUNNYVALE CA0001152921511710070316",27.50,"Supermarkets"
07/31/2022,07/31/2022,"SQ *BLUE BOTTLE COFFEE SAN JOSE CA0001152921511716207944",18.42,"Restaurants"
08/02/2022,08/02/2022,"SPOTIFY P1CE83B4A2 8777781161 NY",9.99,"Merchandise"
08/02/2022,08/02/2022,"SQ *THE AMERICAN GRILL SAN FRANCISCOCA0002305843016062249236",13.75,"Restaurants"
08/03/2022,08/03/2022,"HIMS & HERS HEALTH 8003680038 CA",78.00,"Merchandise"
08/03/2022,08/03/2022,"LYFT *1 RIDE 08-02 855-865-9553 CA",3.04,"Travel/ Entertainment"
08/03/2022,08/03/2022,"SUN AND MOON SAN FRANCISCOCA",25.00,"Restaurants"
08/04/2022,08/04/2022,"AMZN MKTP US*N76X38CW3 AMZN.COM/BILLWAWS8IJJYLQNR",34.71,"Merchandise"
08/04/2022,08/04/2022,"CHUBBY NOODLE NORTH BEAC SAN FRANCISCOCA",40.00,"Restaurants"
08/04/2022,08/04/2022,"HORNBLOWERCRUISES SAN FRANCISCOCA00407R",8.50,"Restaurants"
08/04/2022,08/04/2022,"LYFT *2 RIDES 08-03 855-865-9553 CA",4.55,"Travel/ Entertainment"
08/05/2022,08/05/2022,"LYFT *3 RIDES 08-04 855-865-9553 CA",6.30,"Travel/ Entertainment"
08/05/2022,08/05/2022,"RJ MARKET SAN FRANCISCOCA",3.57,"Supermarkets"
08/05/2022,08/05/2022,"SQ *2021 - OSL PARTNER SAN FRANCISCOCA0001152921511736321170",22.73,"Travel/ Entertainment"
08/05/2022,08/05/2022,"SQ *HOT SAUCE AND PANK SAN FRANCISCOCA0001152921511734747869",13.60,"Restaurants"
08/05/2022,08/05/2022,"SQ *OUTSIDE LANDS MUSI SAN FRANCISCOCA0001152921511737394581",10.86,"Supermarkets"
08/06/2022,08/06/2022,"LYFT *2 RIDES 08-05 855-865-9553 CA",41.02,"Travel/ Entertainment"
08/06/2022,08/06/2022,"SQ *BEACON COFFEE & PA SAN FRANCISCOCA0001152921511739842838",13.97,"Restaurants"
08/06/2022,08/06/2022,"SQ *OSL PARTNERSHIPS, BERKELEY CA0001152921511741737820",17.92,"Travel/ Entertainment"
08/07/2022,08/07/2022,"AMAZON PRIME*M25ZM1O63 AMZN.COM/BILLWA5GC9XUTH56H",8.20,"Merchandise"
08/07/2022,08/07/2022,"LYFT *1 RIDE 08-06 855-865-9553 CA",36.72,"Travel/ Entertainment"
08/07/2022,08/07/2022,"TRADER JOE'S #019 QPS SANFRANCISCO CA",62.45,"Supermarkets"
08/08/2022,08/08/2022,"AMAZON.COM*203M58ZV3 AMZN.COM/BILLWA1QLW5MOUTAQ",40.70,"Merchandise"
08/08/2022,08/08/2022,"LYFT *3 RIDES 08-07 855-865-9553 CA",20.62,"Travel/ Entertainment"
08/09/2022,08/09/2022,"LYFT *2 RIDES 08-08 855-865-9553 CA",5.42,"Travel/ Entertainment"
08/09/2022,08/09/2022,"SQ *ACME BREAD COMPANY SAN FRANCISCOCA0002305843016100939196",15.46,"Merchandise"
08/10/2022,08/10/2022,"AMAL'S DELI SAN FRANCISCOCA",4.14,"Restaurants"
08/10/2022,08/10/2022,"BLUE BIN VINTAGE LLC SAN FRANCISCOCA",70.88,"Merchandise"
08/10/2022,08/10/2022,"LYFT *1 RIDE 08-09 855-865-9553 CA",2.60,"Travel/ Entertainment"
08/10/2022,08/10/2022,"SQ *AMITIS CAFE SF CA0001152921511757793729",18.82,"Supermarkets"
08/12/2022,08/12/2022,"EMPORIUM SF SAN FRANCISCOCA",22.00,"Restaurants"
08/12/2022,08/12/2022,"LYFT *4 RIDES 08-11 855-865-9553 CA",10.84,"Travel/ Entertainment"
08/13/2022,08/13/2022,"FOOD 24 HOUR CONVENIENCE SAN FRANCISCOCA",4.49,"Supermarkets"
08/13/2022,08/13/2022,"TST* MINI BAR SAN FRANCISCOCA",28.80,"Restaurants"
08/14/2022,08/14/2022,"LYFT *2 RIDES 08-12 855-865-9553 CA",22.06,"Travel/ Entertainment"
08/14/2022,08/14/2022,"TST* BURMA SUPERSTAR SAN FRANCISCOCA00003264008180487998AA",67.00,"Restaurants"
08/15/2022,08/15/2022,"LYFT *2 RIDES 08-14 855-865-9553 CA",10.42,"Travel/ Entertainment"
08/15/2022,08/15/2022,"SQ *ACME BREAD COMPANY SAN FRANCISCOCA0001152921511778922542",3.34,"Merchandise"
08/15/2022,08/15/2022,"TST* EL PORTENO - FERR SAN FRANCISCOCA00008012008192382724AA",9.77,"Restaurants"
08/16/2022,08/16/2022,"LYFT *2 RIDES 08-15 855-865-9553 CA",5.21,"Travel/ Entertainment"
08/16/2022,08/16/2022,"TRADER JOE'S #019 QPS SANFRANCISCO CA",44.47,"Supermarkets"
08/17/2022,08/17/2022,"LYFT *1 RIDE 08-16 855-865-9553 CA",2.39,"Travel/ Entertainment"
08/17/2022,08/17/2022,"STEAM PURCHASE 425-952-2985 WA",29.88,"Travel/ Entertainment"
08/18/2022,08/18/2022,"LYFT *2 RIDES 08-17 855-865-9553 CA",5.21,"Travel/ Entertainment"
08/18/2022,08/18/2022,"SQ *CENTO COFFEE SAN FRANCISCOCA0001152921511788899507",5.50,"Restaurants"
08/18/2022,08/19/2022,"STEAM PURCHASE 425-952-2985 WA",-14.99,"Payments and Credits"
08/19/2022,08/19/2022,"TRADER JOE'S #056 QPS ENCINO CA",75.32,"Supermarkets"
08/20/2022,08/20/2022,"DIRECTPAY FULL BALANCESEE DETAILS OF YOUR NEXT DIRECTPAY BELOW",-440.94,"Payments and Credits"
08/22/2022,08/22/2022,"DELTA AIR LINES 18002211212 CA",228.60,"Travel/ Entertainment"
08/22/2022,08/22/2022,"HELP.HBOMAX.COM 8559426669 NY",14.99,"Merchandise"
08/22/2022,08/22/2022,"TRADER JOE'S #056 QPS ENCINO CA",19.56,"Supermarkets"
08/22/2022,08/22/2022,"UNITED AIRLINES 18004214655 TX",149.75,"Travel/ Entertainment"
08/23/2022,08/23/2022,"SUSHIRRITO UNION SQUARE SAN FRANCISCOCA",16.00,"Restaurants"
08/25/2022,08/26/2022,"LYFT *2 RIDES 08-24 855-865-9553 CA",4.78,"Travel/ Entertainment"
08/26/2022,08/26/2022,"LYFT *2 RIDES 08-25 855-865-9553 CA",6.29,"Travel/ Entertainment"
08/26/2022,08/26/2022,"VCN*CALIFORNIAVITALS SACRAMENTO CA",41.95,"Government Services"
08/26/2022,08/26/2022,"WALGREENS #1297 SAN FRANCISCOCA",18.46,"Merchandise"
08/27/2022,08/27/2022,"LYFT *2 RIDES 08-26 855-865-9553 CA",4.12,"Travel/ Entertainment"
08/27/2022,08/27/2022,"TST* BRENDAS MEAT & TH SAN FRANCISCOCA00045535008341598603AA",59.80,"Restaurants"
08/28/2022,08/28/2022,"ACTBLUE* HOLLERHEALTHJ 6175177600 MA",50.00,"Services"
08/28/2022,08/28/2022,"LIMONCELLO SAN FRANCISCOCA",33.61,"Supermarkets"
08/28/2022,08/28/2022,"LYFT *1 RIDE 08-27 855-865-9553 CA",5.21,"Travel/ Entertainment"
08/28/2022,08/28/2022,"SQ *ARSICAULT SAN FRANCISCOCA0001152921511833853874",23.50,"Merchandise"
08/28/2022,08/28/2022,"TRADER JOE'S #019 QPS SANFRANCISCO CA",26.95,"Supermarkets"
08/29/2022,08/29/2022,"LYFT *3 RIDES 08-28 855-865-9553 CA",15.84,"Travel/ Entertainment"
08/29/2022,08/29/2022,"SAN FRANCISCO PASSPORT SAN FRANCISCOCA",225.00,"Government Services"
08/29/2022,08/29/2022,"STEAM PURCHASE 425-952-2985 WA",9.99,"Travel/ Entertainment"
08/30/2022,08/30/2022,"LYFT *3 RIDES 08-29 855-865-9553 CA",7.16,"Travel/ Entertainment"
08/30/2022,08/30/2022,"PAYPAL *GITHUB INC 402-935-7733 CA",4.00,"Merchandise"
08/30/2022,08/30/2022,"SQ *CAFE OKAWARI SAN FRANCISCOCA0001152921511841505583",22.18,"Restaurants"
08/31/2022,08/31/2022,"LYFT *1 RIDE 08-30 855-865-9553 CA",2.17,"Travel/ Entertainment"
08/31/2022,08/31/2022,"TRADER JOE'S #019 QPS SANFRANCISCO CA",13.26,"Supermarkets"
09/02/2022,09/02/2022,"LYFT *1 RIDE 09-01 855-865-9553 CA",3.04,"Travel/ Entertainment"
09/02/2022,09/02/2022,"ORCA SEATTLE WA",3.00,"Travel/ Entertainment"
09/03/2022,09/03/2022,"AMAZON.COM*Y68C66C23 AMZN.COM/BILLWA3BAU2261ODH",25.46,"Merchandise"
09/06/2022,09/06/2022,"MOUNTAIN ROOM BAR CNCRS SEATTLE WA",20.70,"Restaurants"
09/06/2022,09/06/2022,"SNACK SODA VENDING SEATTLE WA",2.60,"Restaurants"
09/06/2022,09/06/2022,"SNACK SODA VENDING SEATTLE WA",2.60,"Restaurants"
09/07/2022,09/07/2022,"ALASKA AIRLINES 2064333200 WA",68.60,"Travel/ Entertainment"
09/07/2022,09/07/2022,"AMAZON PRIME*1F6963XV1 AMZN.COM/BILLWA2ACGTGPJXY2",8.20,"Merchandise"
09/07/2022,09/07/2022,"LYFT *1 RIDE 09-06 855-865-9553 CA",1.09,"Travel/ Entertainment"
09/07/2022,09/07/2022,"TRADER JOE'S #019 QPS SANFRANCISCO CA",56.51,"Supermarkets"
09/08/2022,09/08/2022,"LYFT *2 RIDES 09-07 855-865-9553 CA",5.21,"Travel/ Entertainment"
09/08/2022,09/08/2022,"SQ *ACME BREAD COMPANY SAN FRANCISCOCA0001152921511878374432",15.46,"Merchandise"
09/09/2022,09/09/2022,"LYFT *3 RIDES 09-08 855-865-9553 CA",4.56,"Travel/ Entertainment"
09/10/2022,09/10/2022,"LYFT *2 RIDES 09-09 855-865-9553 CA",4.56,"Travel/ Entertainment"
09/10/2022,09/10/2022,"SQ *FERRY BUILDING SAN FRANCISCOCA0002305843016271602978",16.10,"Supermarkets"
09/10/2022,09/10/2022,"SQ *FERRY PLAZA FARMER SAN FRANCISCOCA0001152921511887034632",22.08,"Supermarkets"
09/10/2022,09/10/2022,"SQ *MARIN ROOTS FARM SAN FRANCISCOCA0001152921511887125491",3.00,"Supermarkets"
09/10/2022,09/10/2022,"SQ *PROYECTO DIAZ COFF SAN LEANDRO CA0002305843016271018923",5.75,"Supermarkets"
09/10/2022,09/10/2022,"SQ *TIERRA VEGETABLES WINDSOR CA0001152921511887088838",1.35,"Supermarkets"
09/11/2022,09/11/2022,"PURPLE RICE. SAN FRANCISCOCA",39.00,"Restaurants"
09/12/2022,09/12/2022,"LYFT *3 RIDES 09-11 855-865-9553 CA",17.58,"Travel/ Entertainment"
09/12/2022,09/12/2022,"SQ *ACME BREAD COMPANY SAN FRANCISCOCA0001152921511896430031",15.46,"Merchandise"
09/12/2022,09/12/2022,"SQ *THE EPICUREAN TRAD SAN FRANCISCOCA0001152921511896435933",22.06,"Supermarkets"
09/13/2022,09/13/2022,"LYFT *2 RIDES 09-12 855-865-9553 CA",3.91,"Travel/ Entertainment"
09/14/2022,09/14/2022,"LYFT *1 RIDE 09-13 855-865-9553 CA",2.39,"Travel/ Entertainment"
09/14/2022,09/14/2022,"SQ *ITALIAN HOMEMADE C SAN FRANCISCOCA0001152921511902850544",17.00,"Restaurants"
09/15/2022,09/15/2022,"LYFT *1 RIDE 09-14 855-865-9553 CA",3.69,"Travel/ Entertainment"
09/15/2022,09/15/2022,"TST* MURACCIS - SAN FR SAN FRANCISCOCA00011241008574354851AA",19.20,"Restaurants"
09/16/2022,09/16/2022,"LYFT *1 RIDE 09-15 855-865-9553 CA",2.39,"Travel/ Entertainment"
09/17/2022,09/17/2022,"LYFT *4 RIDES 09-16 855-865-9553 CA",14.98,"Travel/ Entertainment"
09/17/2022,09/17/2022,"PAYPAL *NINTENDO 402-935-7733 CA",4.99,"Merchandise"
09/17/2022,09/17/2022,"SWEETGREEN WESTWOOD LOS ANGELES CA01733R",26.99,"Restaurants"
09/18/2022,09/18/2022,"MCDONALD'S F34994 TARZANA CA",14.55,"Restaurants"
09/19/2022,09/19/2022,"AMAZON.COM*1M7AV3Q20 AMZN.COM/BILLWA75B791MQ3OU",414.11,"Merchandise"
09/19/2022,09/19/2022,"CD TRADER TARZANA CA",43.79,"Merchandise"
09/19/2022,09/19/2022,"OUTLAW BARBERSHOP AND SA TARZANA CA",46.00,"Services"
09/19/2022,09/19/2022,"TRADER JOE'S #056 QPS ENCINO CA",49.27,"Supermarkets"
09/20/2022,09/20/2022,"ACASA TRUCK 8189262975 CA",33.78,"Supermarkets"
09/20/2022,09/20/2022,"AMAZON.COM*1U1BW7O11 AMZN.COM/BILLWA1I10PEOZSV6",65.66,"Merchandise"
09/20/2022,09/20/2022,"DIRECTPAY FULL BALANCESEE DETAILS OF YOUR NEXT DIRECTPAY BELOW",-1609.86,"Payments and Credits"
09/20/2022,09/20/2022,"IKEA BURBANK BURBANK CA",92.81,"Merchandise"
09/21/2022,09/21/2022,"SQ *BLACK HEART COFFEE VAN NUYS CA0001152921511932216983",20.71,"Restaurants"
09/21/2022,09/21/2022,"TARGET 00027748091 LOS ANGELES CA",56.98,"Supermarkets"
09/22/2022,09/22/2022,"AMAZON.COM*1U1ET8490 AMZN.COM/BILLWA1NS52SEFKPJ",393.11,"Merchandise"
09/22/2022,09/22/2022,"HELP.HBOMAX.COM 8559426669 NY",14.99,"Merchandise"
09/22/2022,09/22/2022,"WHOLEFDS WWD 10176 LOS ANGELES CA",70.20,"Supermarkets"
09/23/2022,09/23/2022,"RALPHS #0759 LOS ANGELES CA",20.55,"Supermarkets"
